plot.code,block,fragment,north,east,elevation,forestloss17,forestloss562,roaddensprim,roaddenssec,roaddistprim,roaddistsec,riverdist,pH,humus,soilN,soilP,bulkdens,soilmoist,soilPC1,soilPC2,ntaxa,FDisLOG,nriLOG,FRicLOG,FDisLOGr,FDisLOGe,woody,treesapling,nriLOGWoody,nriLOGSapling,nriLOGnonWoody
a100f177r,a,a100,571656,520360,391,5,28.64,1.11,3.72,504.8,133.4,939,6.3,0,1.65,7.7,1.05,1.03,0.97,0.79,11,0.937,0.813,0.386,1.205,-3.009,0.82,0.55,0.802,0.185,0.538
a100f562r,a,a100,571855,520035,394,6.86,31.71,1.29,3.55,547.6,11.9,950,6,0,1.06,9.49,1.26,1.02,2.82,0.64,7,-0.26,0.623,0.387,0.12,0.361,0.57,0.14,2.155,0,-1.343
a100f56r,a,a100,571601,520447,351,0,27.4,1.11,3.66,499.7,161.1,901,6,0,2.12,10.16,0.97,1.03,0.9,0.12,13,1.134,0.49,0.538,1.591,-3.013,0.85,0.31,-0.468,-0.475,0.156
a100f5r,a,a100,571576,520490,336,22.47,25.49,1.11,3.65,497.8,115.3,890,6,0,2.21,6.94,1.13,1.03,1.02,-0.04,11,0.249,0.71,0.635,0.31,-2.763,0.73,0.64,1.181,1.176,-0.358
a100m177r,a,a100,571452,520639,304,0,21.81,1.11,3.53,473.8,33.8,767,6.2,0,0.95,7.62,0.91,1.02,1.64,1.98,5,0.386,-0.156,0.051,0.55,0.317,0.6,0.4,0.014,-0.172,-0.337
a100m17r,a,a100,571586,520524,335,0,24.02,1.11,3.66,467.5,83.3,901,6,0,2.7,6.53,1.28,1.02,1.42,-0.45,13,-0.543,-1.185,0.507,-0.972,-3.015,0.31,0.15,-0.277,-0.564,-1.234
a100m562r,a,a100,571217,520937,242,20.23,15.74,0.67,3.42,562.1,173.1,325,6.2,0,2.89,10.21,1.08,1.04,0.25,-0.61,22,0.52,0.711,0.487,0.517,-3.015,0.77,0.5,-0.887,-1.841,-0.199
a100m56r,a,a100,571489,520526,309,7.47,25.9,1.11,3.6,440.9,32.6,813,6,1.2,2.39,7.79,1.1,1.03,0.15,-0.25,9,1.122,-0.204,0.263,0.608,-2.999,0.78,0.33,-0.561,-1.229,-1.422
a100m5r,a,a100,571538,520498,333,0,25.69,1.11,3.64,522,102.8,851,6,0.9,2.63,8.81,1.23,1.02,0.73,-0.62,14,0.097,0.45,0.417,0.453,-3.01,0.71,0.43,0.686,1.129,0.005
a10f177r,a,a10,572048,521206,358,5.62,8.23,1.21,3.16,1293.7,24.7,858,6,0,2.62,7.21,1.29,1.03,1.35,-0.64,14,-1.183,-1.275,0.579,-1.313,-2.965,0.33,0.13,-0.16,0.58,-1.14
a10f56r,a,a10,572013,521339,412,11.71,5.92,1.04,2.99,1361.9,99.6,775,6.2,0.6,3.17,10.78,1.24,1.02,0.56,-0.87,9,0.071,0.015,0.251,0.207,-1.624,0.67,0.56,-0.398,-0.699,-0.352
a10m177r,a,a10,572028,521580,518,0,5.67,1.13,2.87,1551.2,110.1,724,5.4,0,3.36,2.92,0.94,1.06,-1,-0.89,13,1.56,0.46,0.78,1.675,-3.013,1,0.62,-0.471,-1.059,na
a10m17r,a,a10,572035,521412,443,0,5.3,1.11,2.92,1430,166.6,771,5.8,0,2.29,9.77,1.1,1.02,1.53,-0.29,6,-0.193,0.304,0.448,0.288,-2.99,0.83,0.5,0.094,-1.204,na
a10m562r,a,a10,572060,521957,585,7.68,10.56,1.02,2.56,1603.1,63.1,805,6.6,0,2.22,8.8,1.14,1.03,0.76,0.43,21,0.388,0.299,0.548,0.678,-3.015,0.81,0.57,-0.812,-1.455,-0.336
a10m56r,a,a10,572059,521457,454,0,4.76,1.12,2.91,1479.1,217.1,776,5.7,0,3.11,3.9,1.12,1.04,0.16,-0.66,7,1.248,1.855,0.507,1.543,-0.26,0.86,0.57,2.197,1.54,0
a10m5r,a,a10,572075,521404,430,0,4.7,1.15,2.92,1453.8,187.7,809,5.9,0,3.04,3.69,1.05,1.03,0.07,-0.02,13,1.226,0.63,0.382,1.278,-3.013,0.69,0.31,1.496,0.774,-0.6
a1f17r,a,a1,572990,520438,495,82.99,14.8,4.19,2.56,546,12.4,2044,5,1.6,2.66,5.94,1.42,1.03,1.42,-2.03,10,0.562,-0.722,0.334,-0.75,-3.007,0.4,0,0.394,na,-1.163
a1f56r,a,a1,573005,520398,499,85.47,14.79,4.19,2.64,530.5,22.8,2080,5.7,0,3.51,7.69,1.19,1.05,0.15,-1.75,10,0.385,-0.541,0.542,0.215,-2.795,0.3,0,-0.43,na,-0.207
a1m177r,a,a1,572971,520616,517,73.87,19.58,4.14,2.41,637.1,35.2,1949,5.7,0,1.16,4.05,1.16,1.02,2.45,1.24,9,0.015,-0.733,0.406,-0.928,-3.014,0.22,0,-0.485,na,-0.702
a1m17r,a,a1,572986,520474,513,0,14.81,4.18,2.56,549.7,17.7,2023,5.6,0.7,1.62,5.19,1.19,1.02,1.64,0.32,23,0.649,0.127,0.218,0.74,-3.015,0.7,0.44,0.074,-0.593,0.115
a1m562r,a,a1,572937,521009,580,9.55,21.31,4.42,2.28,567,54.2,1754,5.5,0,2.31,10.8,0.91,1.03,0.9,-0.55,18,0.916,0.947,0.585,1.081,-2.999,0.9,0.42,0.032,0.31,0
a1m56r,a,a1,573004,520513,529,10.9,15.79,4.06,2.48,549.1,17.7,2020,6,0.5,2.31,2.31,1.08,1.06,-1.13,0.15,15,-0.164,0.83,0.506,-0.07,-1.832,0.8,0.47,0.863,2.939,0.574
a1m5r,a,a1,573031,520459,510,25.12,15.69,4.01,2.52,29.7,503.9,2070,5.5,1.2,2.66,12.01,1.1,1.03,0.57,-1.32,13,0.495,0.354,0.566,0.599,-3.011,0.64,0.29,0.717,0.778,-0.278
b100f177r,b,b100,568203,523410,486,66.82,7.4,0,2.83,2623.2,40.7,1061,6.3,0,1.4,6.91,1.3,1.02,2.25,0.82,11,0.058,0.459,0.576,-0.642,-2.875,0.46,0,0.179,na,0.966
b100f17r,b,b100,568051,523341,501,4.93,6.49,0,2.95,2482.1,82,1020,6.4,0,1.77,7.49,1.36,1.02,2.01,0.38,15,0.884,-0.121,0.384,0.935,-3.013,0.73,0.33,-1.462,-1.106,0.195
b100f562r,b,b100,568555,523539,514,0,5.34,0,2.52,2945.6,98.5,699,6.7,0.4,2.19,10.38,1.25,1.03,0.53,0.07,11,0.907,0.268,0.211,0.837,-2.774,0.91,0.64,-0.48,-0.983,0
b100f56r,b,b100,568109,523322,484,24.52,6.78,0,2.91,2499.2,25.7,985,6.6,0.2,2.48,7.83,0.97,1.04,-0.68,0.43,12,-0.445,0.118,0.539,-0.248,-2.979,0.67,0.42,-0.275,-1.347,0.186
b100m177r,b,b100,567891,523251,436,22.29,6.89,0,2.87,2316.6,179.8,968,5.6,0,3.14,7.13,1.4,1.03,1.85,-1.48,17,-0.09,-0.361,0.273,-0.679,-2.876,0.5,0.22,0.429,0.668,-0.483
b100m17r,b,b100,568048,523287,468,32.59,6.52,0,2.91,2435.3,74.9,962,5.4,1.2,2,9.3,1.16,1.03,0.79,-1.14,15,-0.418,-0.673,0.168,-0.467,-2.729,0.56,0.38,-0.337,-0.058,-1.218
b100m562r,b,b100,567530,523105,456,21.29,7.57,0,2.9,2012.6,151.3,1024,6.4,0,1.24,6.54,0.81,1.03,0.26,1.77,17,1.745,-0.28,0.272,1.888,-3.015,0.67,0.5,-1.602,-1.487,0.182
b100m56r,b,b100,567979,523340,490,7.04,6.15,0,2.85,2441.1,148.7,1030,6.2,0,1.39,9.72,1.23,1.02,2.2,0.53,15,0.35,0.312,0.285,0.176,-3.012,0.53,0.37,1.173,0.879,-0.256
b100m5r,b,b100,568017,523398,498,10.02,6.32,0,2.84,2510.6,102.3,1079,6,0,1.93,7.85,1.21,1.03,1.64,-0.03,13,0.632,-0.201,0.229,0.218,-2.742,0.54,0.15,-0.776,-0.441,0.18
b10f177r,b,b10,568034,522477,335,0,7.38,0,4.37,1823.7,76,218,5.8,0,1.8,7.67,1.09,1.03,1.26,-0.07,15,2.166,0.03,0.429,1.503,-3,0.81,0.63,-0.058,0.516,0.164
b10f56r,b,b10,567913,522502,320,22.87,8.03,0.08,4.15,1748.9,110.1,328,5.8,0,2.4,9,1.21,1.03,1.27,-0.88,9,0.136,0.465,0.618,0.624,-2.847,0.78,0.44,0.65,0.861,-0.008
b10m177r,b,b10,567723,522651,365,60.09,10.75,0.08,3.66,1730.9,12.9,567,5.6,0,2.02,10.3,1.21,1.04,1.4,-1.16,13,0.421,1.448,0.327,0.626,-3.014,0.85,0.54,1.362,1.265,0
b10m1r,b,b10,567857,522544,338,31.63,8.42,0.08,3.95,1797.1,113.4,401,5.8,0,2.19,5.59,1.19,1.04,0.97,-0.49,6,0.291,0.604,0.317,-0.199,-2.08,0.5,0.17,0.554,0,0.974
b10m562r,b,b10,567396,522839,384,15.22,15.7,0.08,3.03,1717.5,284,891,5.9,0,2.01,11.33,1.01,1.03,1.13,-0.15,7,0.304,0.484,0.431,0.293,-2.978,0.63,0.38,-0.153,0.023,0.578
b10m56r,b,b10,567834,522596,344,3.53,8.99,0.08,3.81,1760.6,59.5,447,5.8,0,1.96,4.2,1.07,1.03,0.8,0.25,17,0.967,0.985,0.473,0.757,-2.982,0.77,0.65,1.378,1.133,0.118
b10m5r,b,b10,567891,522592,309,0,8.28,0,4.09,1738.9,64.5,397,5.8,0,1.64,4.52,1.1,1.03,1.47,0.62,16,1.524,0.638,0.7,1.671,-3.01,0.88,0.65,-0.595,0.458,0.871
b1f1r,b,b1,569331,522642,402,55.47,6.26,0,3.63,2425.3,42.6,247,5.8,0,2.55,19.33,1.38,1.03,1.97,-1.98,12,-0.33,-1.04,0.558,-0.757,-3.014,0.21,0.07,0.028,0,-0.559
b1f56r,b,b1,569309,522601,393,7.1,6.48,0,3.67,2397.4,66.8,208,6.1,0.6,2.37,12.45,1.25,1.03,0.87,-0.83,18,0.762,1.751,0.486,0.713,-2.901,0.79,0.53,1.635,1.986,2.791
b1m177r,b,b1,569400,522809,435,79.76,5.32,0,3.56,2550.2,101.2,253,5.6,0.6,2.04,9.55,1.25,1.03,1.44,-0.9,14,-0.001,-0.47,0.377,-0.74,-2.947,0.5,0.07,-0.478,0,-1.077
b1m1r,b,b1,569296,522657,381,73.56,6.06,0,3.72,2454,65,210,6,0,2.53,6.63,1.27,1.03,1.05,-0.63,17,-0.611,-0.322,0.383,-1.114,-3.015,0.44,0.17,-1.496,-1.293,0.111
b1m562r,b,b1,569623,523122,512,0,3.44,0,2.94,2774.1,169.2,406,6.2,1.5,1.87,12.29,1.01,1.03,-0.06,0.01,17,1.021,0.423,0.482,0.979,-3.015,0.89,0.67,0.499,-0.208,-1.734
b1m56r,b,b1,569367,522687,401,0,6.19,0,3.66,2450.8,9.2,287,5.8,0,1.71,7.42,0.95,1.03,1.17,0.53,15,0.21,-0.333,0.315,-0.517,-3.015,0.44,0.13,0.221,0.058,-0.44
c100f177r,c,c100,568935,519972,392,99.18,54.35,5.45,2.59,440.5,92.4,1356,5.8,0,2.88,5.89,0.95,1.05,-0.39,-0.58,13,0.722,-0.198,0.37,-0.337,-3.015,0.31,0.08,0.479,0,0.302
c100f17r,c,c100,568773,519990,348,47.4,55.8,5.5,2.61,307.7,52,1266,6.6,0.7,1.74,5.67,1.08,1.03,-0.15,1.03,12,0.002,0.057,0.428,0.224,-3.013,0.57,0.36,-0.707,-1.536,-0.375
c100f562r,c,c100,569317,519967,448,99.19,73.35,4.38,2.79,586.1,178.2,1430,5.6,0.4,3.87,4.59,1,1.06,-1.33,-1.38,18,-0.99,-0.762,0.402,-1.247,-3.015,0.44,0.17,-0.809,-1.304,-0.826
c100f56r,c,c100,568816,519962,363,81.19,56.17,5.6,2.61,337.2,4.6,1312,5.6,0.5,1.87,6.5,1.34,1.04,1.19,-0.99,12,-0.932,-0.891,0.505,-1.214,-3.014,0.42,0.17,-0.23,-0.587,-0.835
c100f5r,c,c100,568764,519945,364,85.65,58.44,5.67,2.58,278.6,32.7,1258,5.2,0.8,1.48,8.64,1.2,1.02,1.91,-0.71,6,-1.047,0.731,0.466,-1.017,0.326,0.33,0,-0.508,na,0.966
c100m177r,c,c100,568586,519949,323,54.04,60.54,5.86,2.37,120.5,204.7,1083,6.5,0,3.83,10.62,1.32,1.05,-0.07,-1.55,15,0.36,0.596,0.504,0.773,-2.923,0.8,0.47,-0.309,-0.699,1.638
c100m17r,c,c100,568737,519975,342,12,56.77,5.64,2.57,269,69,1230,6.5,1.2,2.12,7.07,1.1,1.03,-0.47,0.35,13,1.381,0.207,0.413,1.397,-2.979,0.92,0.54,-0.915,-1.155,0
c100m562r,c,c100,568228,520277,250,78.64,53.78,5.22,3.04,27.3,103.7,717,5.8,0.6,1.72,7.25,1.15,1.03,0.97,-0.05,8,1.644,0.29,0.464,0.097,0.064,0.5,0.13,-0.208,0,-0.044
c100m56r,c,c100,568697,519998,342,51.93,56.77,5.65,2.63,243.4,114.8,1192,6,0.6,2.73,2.9,1.19,1.03,-0.15,0.06,10,0.781,0.305,0.491,1.104,-2.528,0.8,0.5,-0.19,-0.998,-0.313
c10f177r,c,c10,568488,520809,372,78.47,30.22,3.09,3.51,584.8,5.5,964,5.7,1.3,2.93,7.14,1.31,1.03,0.58,-1.28,12,-0.05,-0.301,0.515,-1.329,-3.014,0.33,0,-0.004,na,0.073
c10f56r,c,c10,568379,520802,356,86.33,31.9,3.09,3.44,556.4,13.1,855,6.8,0,2.06,3.57,1.31,1.03,0.72,1.08,14,1.268,-0.344,0.776,-0.143,-3.014,0.07,0,0,na,1.137
c10m177r,c,c10,568149,520801,325,39.19,31.48,3.32,3.44,558.9,130,625,6,0,3.99,4.03,1.18,1.04,-0.35,-0.96,10,0.194,0.157,0.381,-0.095,-2.939,0.7,0.3,-1.069,-0.266,2.193
c10m17r,c,c10,568305,520789,362,57.29,33.21,3.27,3.43,534.5,37.5,782,6,0.6,2.78,4.17,1.15,1.04,-0.62,-0.51,23,-0.904,-0.025,0.444,-0.726,-3.015,0.38,0.17,0.154,0.171,0.62
c10m562r,c,c10,567748,520807,264,0,30.11,3.22,3.39,663.1,70.5,233,5.8,1.8,2.48,6.27,1.01,1.03,-0.62,-0.34,14,1.463,-0.862,0.161,1.087,-3.015,0.71,0.36,-1.22,-1.065,-1.305
c10m56r,c,c10,568271,520822,356,81.08,32.24,3.13,3.54,569.5,17.5,747,5.8,0.5,2.29,2.47,1.34,1.04,0.27,-0.35,9,0.248,0.401,0.519,0.109,-3.009,0.33,0.11,-0.363,0,0.914
c10m5r,c,c10,568324,520826,355,72.08,33.66,3.08,3.47,572.5,4,798,5.8,0,2.69,5.48,1.11,1.05,0.1,-0.83,14,0.356,0.461,0.548,-0.805,-2.908,0.13,0,0.073,na,2.222
c1f56r,c,c1,569735,521088,345,99.08,22.62,0.74,4.05,898.2,50.5,987,5.4,0,1.87,5.99,1.28,1.03,2,-0.77,13,0.804,-0.948,0.439,-0.023,-3.008,0.46,0.08,-1.208,0,-0.859
c1f5r,c,c1,569755,521131,352,53.77,22.52,0.66,4.19,834.1,14,981,5.9,0,2.24,7.35,1.26,1.02,2.22,-0.03,18,-0.26,0.216,0.288,-0.828,-3.015,0.5,0.22,0.247,0.037,0.139
c1m177r,c,c1,569992,521085,312,45.73,26.76,0.41,4.34,738.3,23.9,745,6.5,0.3,2.03,5.55,1.42,1.01,2.06,0.83,10,-0.387,0.757,0.559,-0.127,-3.013,0.27,0.09,0.505,0,1.173
c1m1r,c,c1,569798,521106,346,61.74,22.88,0.56,4.14,868.8,31.6,932,6,0,1.76,4.58,1.23,1.03,1.52,0.46,18,1.17,0.535,0.219,1.517,-3.015,0.78,0.5,0.408,-0.237,-0.303
c1m562r,c,c1,570360,521068,252,85.35,30.53,0.53,4.19,618.2,9.7,407,5.7,1.5,1.95,3.33,1.04,1.04,-0.41,0.26,8,-1.054,-0.571,0.242,-1.133,-0.425,0.25,0.13,1.215,0,-0.999
c1m56r,c,c1,569841,521058,326,53.75,23.74,0.52,4.21,804.7,25.4,875,6.2,0,0.88,2.49,1.39,1.03,2.47,1.82,13,-0.674,-0.288,0.447,-0.438,-3.014,0.54,0.23,0.216,0.773,0.174
c1m5r,c,c1,569801,521061,329,14.28,23.52,0.69,4.14,916.4,32.4,917,5.8,0,2.89,9.52,1.1,1.04,0.44,-1.19,10,0.9,-0.08,0.592,0.65,-0.707,0.8,0.3,-1.158,-1.564,-0.27
d100f177r,d,d100,565692,520419,294,60.37,46.35,1.52,2.79,59.6,25.5,1413,6.1,2.2,2.87,6.48,1.22,1.05,-1.23,-1.2,9,0.019,0.146,0.422,0.016,-2.731,0.67,0.22,-0.386,0.246,1.041
d100f562r,d,d100,565713,520790,329,76.12,49.97,1.24,2.72,50.5,163.9,1631,6.2,1.2,2.38,6.98,1.31,1.09,-1.1,-1.49,11,-0.284,-0.541,0.356,-0.489,-3.012,0.36,0.18,-0.168,-0.594,-0.615
d100f56r,d,d100,565659,520295,301,88.1,46.4,1.62,2.67,124.5,111.4,1394,6.2,0.3,4.67,14.62,1.13,1.06,-1.28,-2.3,13,-0.351,0.704,0.618,-0.793,-3.002,0.29,0,-0.005,na,1.821
d100f5r,d,d100,565628,520252,317,64.08,46.4,1.6,2.68,171.2,116.5,1409,6.8,0.3,3,3.82,0.97,1.05,-1.7,0.79,12,0.045,0.16,0.384,-0.34,-3.005,0.5,0.08,0.061,0,0.776
d100m177r,d,d100,565632,520067,335,71.47,43.82,2.3,2.65,229.5,72.7,1358,6.4,1.6,3.5,4.28,1.03,1.05,-2.06,-0.27,14,0.141,0.067,0.563,0.124,-2.865,0.82,0.35,-0.775,-0.161,0.122
d100m562r,d,d100,565633,519695,331,18.85,32.64,3.13,2.35,123.9,150.9,1240,6,1.1,2.28,3.44,0.99,1.04,-0.81,0.5,10,0.247,-0.327,0.428,0.432,-2.827,0.6,0.5,-0.04,-0.195,-1.226
d100m56r,d,d100,565654,520184,316,99.75,45.35,2.04,2.61,196.6,39.8,1364,6.4,0.9,3.02,3.66,1.1,1.04,-1.28,0.1,15,0.442,-0.039,0.363,0.063,-3.008,0.6,0.13,0.474,2.108,-0.679
d100m5r,d,d100,565681,520239,304,62.49,46.11,1.97,2.64,137,70.2,1355,6,0.4,4.59,6.58,0.98,1.06,-1.81,-1.46,13,0.885,1.22,0.548,0.751,-3.008,0.85,0.23,1.141,0.95,0
d10f177r,d,d10,564747,520161,354,54.47,29.5,1.31,3.05,429.9,92.7,1230,5.7,0.5,3.35,2.66,0.97,1.05,-1.27,-0.36,14,-0.446,-0.816,0.196,-1.364,-3.015,0.29,0.07,-1.108,0,0.326
d10f56r,d,d10,564664,520237,383,87.5,31.15,1.28,2.9,323,124.5,1160,6.5,0.7,5.99,7.55,1.16,1.04,-1.51,-1.36,19,0.582,0.138,0.454,0.813,-2.96,0.75,0.35,0.288,-0.32,-1.082
d10f5r,d,d10,564616,520279,422,75.25,31.75,1.28,2.89,266.7,109.8,1122,6.3,0,3.11,4.26,0.74,1.03,-0.96,1.02,19,0.092,0.725,0.422,-1.016,-3.008,0.42,0.32,1.426,0.742,0.545
d10m177r,d,d10,564534,520414,404,68.01,33.76,1.25,2.83,116.4,29.2,1068,6,0.5,1.41,5.22,1.02,1.04,0.13,0.67,9,0.372,0.306,0.41,-0.719,-3.011,0.56,0,0.896,na,-0.176
d10m562r,d,d10,564302,520725,487,70.14,32.92,1.13,2.69,15.7,123.3,863,6.4,0,2.87,7.92,1.29,1.04,0.65,-0.61,14,-0.87,-0.978,0.344,-1.2,-3.015,0.36,0.14,0.584,-0.445,-0.545
d10m56r,d,d10,564609,520337,415,76.82,31.82,1.28,2.85,209.7,60.9,1124,6.1,0,3.34,55.44,1.06,1.05,0.33,-2.59,23,-1.777,-1.184,0.368,-0.944,-3.014,0.48,0.3,-0.184,-0.685,-0.832
d10m5r,d,d10,564664,520307,399,81.93,31.99,1.28,2.85,261.6,60.6,1174,6.2,0,6.08,14.68,1.05,1.05,-0.95,-2.16,14,-0.077,1.029,0.336,-0.72,-2.843,0.5,0.21,0.296,1.352,1.593
d1f1r,d,d1,564630,521439,495,70.41,27.4,1.07,2.45,295.8,23.9,1373,5,0,1.82,1.85,1.38,1.03,2.3,-0.33,18,-0.174,-0.266,0.605,-1.11,-3.001,0.17,0.06,-0.195,0,1.015
d1f56r,d,d1,564655,521381,481,77.67,28.48,1.07,2.6,345.8,6.1,1368,6.5,2,1.44,3.91,0.99,1.03,-0.47,1.83,19,-0.276,0.571,0.452,-0.648,-3.015,0.5,0.3,0.214,0.105,0.753
d1m177r,d,d1,564474,521525,528,34.25,25.8,1.04,2.13,247.7,47.3,1284,6.2,0.6,2,3.72,1.03,1.03,-0.13,0.96,15,-0.389,-0.999,0.188,-0.737,-2.98,0.67,0.33,-1.404,-1.176,-1.099
d1m17r,d,d1,564596,521396,485,8.47,28.23,1.04,2.42,347.6,30.5,1322,5.8,0.6,2.15,4.81,1.2,1.03,0.74,-0.09,22,0.883,0.424,0.372,1.111,-2.999,0.78,0.61,-0.944,-1.384,0.868
d1m562r,d,d1,564149,521730,619,32.83,15.16,0.72,2.01,134.4,41,1134,6,0.2,3.85,2.37,0.75,1.07,-2.67,-0.01,15,-0.188,0,0.232,0.065,-3.015,0.59,0.41,-1.3,-1.687,-0.442
d1m56r,d,d1,564561,521436,496,29.08,27.6,1.04,2.39,322.8,24.9,1311,6,0.5,2.41,5.2,1.03,1.04,-0.43,-0.07,18,0.598,0.259,0.208,0.563,-3.014,0.68,0.37,-0.94,-0.422,-0.667
e100f177r,e,e100,565265,518258,358,29.9,12.96,3.55,1.97,337.2,241.3,727,6.8,0.7,2.27,4.12,1.06,1.04,-0.97,1.11,7,0.117,0.261,0.414,0.268,-2.956,0.71,0.57,-0.063,-0.296,0
e100f1r,e,e100,565439,518265,286,79.8,13.49,4.21,1.94,162.5,335.5,564,6,0.1,3.47,5.87,1.07,1.04,-0.36,-0.68,12,-0.961,-0.412,0.423,-1.075,-3.002,0.23,0.08,0.018,0,0.158
e100f562r,e,e100,564898,518315,420,53.62,14.33,2.07,2.36,698.2,135.7,1097,6.7,0.3,1.1,6.1,1.12,1.03,0.76,1.74,13,-0.483,-0.669,0.445,-0.657,-2.953,0.21,0.14,-0.148,-0.473,0.274
e100f56r,e,e100,565376,518258,331,68.74,13.14,3.92,1.93,226.1,297.4,620,7,1.5,3.45,7.8,1.28,1.03,-0.99,-0.21,18,-0.389,0.55,0.299,0.384,-3.002,0.58,0.37,0.206,-0.198,0.759
e100f5r,e,e100,565440,518305,266,63.2,14.5,4.24,1.94,156.6,369.4,580,6.8,0.6,1.75,1.82,0.92,1.03,-1.16,2.57,13,-0.366,-0.362,0.292,-0.456,-2.995,0.38,0.14,0.646,-0.397,-1.338
e100m177r,e,e100,565613,518229,260,31.07,14.45,4.83,1.7,20.8,430.1,390,6.4,0.3,2.72,7.5,1.07,1.03,-0.08,0.14,12,1.306,1.175,0.542,1.52,-3.001,0.85,0.31,1.272,0.677,-0.02
e100m1r,e,e100,565441,518228,300,57.4,13.42,4.27,1.87,171.5,307.3,550,5.4,0.3,1.64,4.85,1.17,1.02,1.85,0.16,16,-0.319,0.326,0.569,-0.49,-2.875,0.41,0.35,1.526,1.265,0.802
e100m562r,e,e100,566003,518213,164,29.29,39.91,6.6,1.31,167.5,576,99,6.4,0.8,1.81,5.41,1.36,1.03,0.85,0.34,10,0.088,0.093,0.538,0.302,-2.672,0.8,0.5,-0.35,-1.421,-0.043
e100m56r,e,e100,565494,518252,304,26.2,13.61,4.44,1.88,114.2,363.7,508,6.6,1,2.27,6.3,1.03,1.03,-0.56,0.82,13,0.723,1.034,0.574,0.673,-3.015,0.71,0.29,0.614,0.213,0.268
e10f177r,e,e10,563706,518524,353,11.23,10.87,0.13,2.82,1676.9,24.8,411,5.7,0,1.61,44.58,1.47,1.06,2.31,-2.94,12,-0.774,-1.129,0.433,-1.181,-1.317,0.33,0.17,0.17,0.587,-1.497
e10f56r,e,e10,563746,518410,393,10.2,12.06,0.13,2.73,1727.8,57.3,462,6.8,1.1,3.41,5.04,1.01,1.08,-2.76,-0.29,12,0.17,-0.639,0.598,-0.332,-3.014,0.31,0,0.707,na,-0.216
e10f5r,e,e10,563707,518364,374,51.33,10.55,0.07,2.86,1776.6,2.7,439,5.5,1,3.02,10.23,1.06,1.06,-0.86,-2.04,7,0.193,1.082,0.527,0.643,-1.403,0.86,0.57,1.121,0.331,0
e10m177r,e,e10,563683,518171,385,10.56,10.91,0,2.95,1918.4,159,389,6.5,0.8,2.93,5.85,0.87,1.06,-2.15,0.06,10,0.202,1.682,0.367,0.385,-2.999,0.82,0.55,1.761,1.976,na
e10m1r,e,e10,563671,518361,361,80.92,9.79,0.04,2.86,1812.3,27.5,405,5.6,0,0.88,51.1,1.18,1.07,2.17,-1.84,18,-1.089,0.177,0.591,-1.382,-3.014,0.3,0.2,0.204,0.168,1.186
e10m562r,e,e10,563694,517791,249,0,10.58,0,2.93,1981.1,75,184,6.3,0.3,1.51,9.04,0.72,1.06,-1.29,0.67,7,1.146,1.22,0.555,0.965,-1.236,1,0.71,0.238,-1.067,na
e10m56r,e,e10,563725,518294,379,71.66,11.18,0.07,2.84,1778,28.3,481,5.8,0.4,9.43,18.54,1.28,1.08,-1.65,-4.47,14,-0.666,-1.096,0.564,-0.897,-3.005,0.27,0.13,-0.106,0.567,-0.654
e10m5r,e,e10,563744,518345,385,0,11.45,0.13,2.87,1750.7,26.9,480,6.4,3,3.38,11.84,0.81,1.09,-3.41,-1.15,5,1.251,0.953,0.667,1.442,0.279,1,0.83,0.649,0.142,na
e1f56r,e,e1,564608,519440,454,48.36,27.51,1.38,3.05,658.2,64.2,1083,6.4,0.9,2.98,4.81,1.27,1.03,-0.29,-0.19,11,-1.572,-0.37,0.352,-0.916,-2.957,0.46,0.18,0.212,0.02,-0.589
e1f5r,e,e1,564644,519482,430,11.08,26.2,1.38,3.01,641.7,119.3,1111,6.5,0,2.61,6.65,1.26,1.03,0.99,0.15,18,-0.045,-0.814,0.274,-0.38,-3.015,0.55,0.3,-1.015,-1.736,-0.418
e1m177r,e,e1,564527,519667,443,80.55,24.25,1.34,3.01,838,37.7,969,6,1,3.88,2.54,1.07,1.04,-1.41,-0.23,13,0.021,0.17,0.498,0.24,-3.005,0.57,0.29,-0.434,-0.677,0.854
e1m17r,e,e1,564571,519502,429,83.63,27.06,1.34,3.06,716.3,86.6,1041,6.4,0.5,4.93,4.43,1.07,1.04,-1.59,-0.6,18,-0.715,-0.472,0.238,-0.642,-2.987,0.61,0.28,0.503,-0.345,-1.492
e1m1r,e,e1,564610,519499,427,85.53,26.37,1.34,3,682.5,112.7,1079,6.6,0.5,3.29,4.81,1.25,1.03,-0.31,0.03,19,-0.406,-1.155,0.599,-0.739,-3.014,0.3,0.1,0.636,0.09,-0.327
e1m562r,e,e1,564356,520020,468,99.75,30.6,1.26,2.87,563.1,93.5,831,6.4,0.9,3.54,3.33,0.95,1.05,-2.21,0.08,10,-0.1,-1.103,0.596,-0.147,-3.013,0.3,0,-1.079,na,-1.052
e1m56r,e,e1,564564,519549,443,73.88,26.36,1.34,3.14,743.3,83.5,1021,6,0.3,4.59,5.27,1.1,1.04,-1.08,-1.25,15,-0.908,-1.134,0.471,-0.996,-3.014,0.19,0.06,0.17,0,-0.272
f100f177r,f,f100,559192,518983,321,44.23,21.9,2.21,2.31,18.3,137,671,6,0.3,2.92,3.97,1.29,1.04,0.2,-0.57,26,0.644,-0.622,0.378,0.674,-3.015,0.58,0.27,-0.183,-1.432,-0.47
f100f17r,f,f100,559065,518887,295,13.8,23.79,2.16,2.24,27.9,115,615,6.2,1.1,2.81,6.19,0.97,1.03,-0.91,0.05,16,0.461,-0.531,0.209,0.265,-3.011,0.81,0.63,-0.641,-1.085,-1.532
f100f562r,f,f100,559374,519300,299,0,18.8,2.5,2.28,42.6,197.2,635,6.1,1.1,2.93,4.7,0.95,1.04,-1.31,-0.02,12,-0.49,0.164,0.254,-0.403,-3.015,0.67,0.25,0.018,0.157,-0.554
f100f56r,f,f100,559122,518893,311,29.7,23.65,2.11,2.37,29,118.5,656,6.4,0.8,4.06,5.23,0.95,1.04,-1.86,-0.27,10,-0.361,-0.656,0.465,-0.692,-2.987,0.7,0.3,-1.478,-0.74,0.245
f100m177r,f,f100,559003,518690,254,0,23.64,1.9,2.09,201.2,80.1,705,6.5,0.6,2.43,5.59,0.96,1.04,-0.9,0.67,14,0.516,-0.785,0.301,0.442,-3.015,0.71,0.5,-0.615,-0.829,-0.489
f100m1r,f,f100,559088,518845,291,48.75,23.87,2,2.23,25,68.7,661,6.3,0.1,2.92,5.54,1.04,1.03,-0.31,0.14,16,-0.702,-0.559,0.37,-1.278,-3.014,0.38,0.06,0.485,0,0.013
f100m562r,f,f100,558755,518379,207,39.56,20.2,1.35,1.95,537.9,172.1,573,6.8,0.5,2.78,5.5,0.96,1.04,-1.31,0.79,19,-0.001,-0.388,0.214,0.286,-3.015,0.62,0.38,-1.152,-1.077,-0.941
f100m56r,f,f100,559036,518803,280,17.94,24.24,2.01,2.11,91.1,35,650,6.2,1.5,3.44,8.28,1.06,1.05,-1.47,-1.04,17,0.308,0.217,0.402,0.767,-3.002,0.79,0.53,-0.501,0.437,0.178
f100m5r,f,f100,559026,518881,290,17.98,23.78,2.17,2.24,67.9,108.6,590,6.4,0,4.76,7.91,1.25,1.03,-0.01,-1.19,15,-0.545,-1.293,0.453,-1.464,-3.014,0.4,0.13,-0.163,0.593,-0.798
f10f177r,f,f10,560535,519463,506,0,11.56,0.85,1.78,982.7,231.5,1225,6,0.7,4.38,2.12,1.21,1.05,-1.52,-0.87,18,1.227,-0.773,0.491,0.401,-3.007,0.61,0.33,0.862,1.125,-1.74
f10f56r,f,f10,560674,519476,579,0,11.66,0.66,1.7,1093.3,261.5,1305,6.2,2.5,2.7,1.06,0.99,1.03,-1.76,1.63,22,-0.799,-0.579,0.266,-0.713,-3.007,0.65,0.44,0.146,0.809,-0.882
f10f5r,f,f10,560724,519473,610,0,11.45,0.66,1.65,1140,225.6,1321,6.2,2.5,2.52,1.6,0.73,1.05,-3,1.42,16,-0.226,-1.045,0.328,-0.043,-3.008,0.71,0.41,-1.073,0.238,0.182
f10m177r,f,f10,560877,519350,680,0,5.3,0.57,1.6,1334.3,211.4,1512,6.3,1.2,2.24,0.91,0.7,1.06,-3.01,2.15,16,1.066,-0.157,0.242,0.468,-1.623,0.75,0.63,1.077,0.701,-0.986
f10m17r,f,f10,560736,519419,596,0,9.81,0.66,1.7,1176.8,240.2,1372,6.4,0.4,2.05,1.27,0.77,1.05,-2.09,2.1,16,1.266,-0.034,0.451,1.053,-3.014,0.88,0.75,0.87,0.821,1.054
f10m562r,f,f10,561173,519121,751,0,1.34,0.43,1.63,1705.5,452.2,1925,6.5,1.1,2.54,1.17,0.86,1.05,-2.51,1.8,16,2.16,1.014,0.485,1.989,-3.003,0.88,0.71,0.377,0.023,0
f10m56r,f,f10,560761,519354,601,0,7.45,0.66,1.72,1232.1,243.6,1443,6.4,0.4,4.66,1.28,0.96,1.05,-2.43,0.63,18,0.206,-0.342,0.317,0.357,-3.003,0.78,0.5,0.03,0.485,-0.412
f10m5r,f,f10,560710,519371,606,0,8.65,0.85,1.7,1180,215.9,1401,6.8,0.6,2.45,2.29,0.94,1.03,-1.35,1.92,14,1.204,0.953,0.471,1.199,-2.952,0.93,0.57,0.321,-0.065,na
f1f17r,f,f1,560012,518326,469,23.83,2.43,0.67,1.39,551.7,39.7,1810,5.7,0.7,2.34,3.54,1.13,1.07,-0.96,-0.85,18,0.021,0.272,0.207,-0.284,-3,0.63,0.53,1.363,1.286,-0.272
f1f56r,f,f1,560033,518296,473,0,2.32,0.67,1.38,581.3,9,1829,6.3,0.3,3.41,4.79,0.75,1.08,-2.81,-0.23,10,0.863,0.101,0.263,1.329,-2.989,0.9,0.5,0.604,1.662,0
f1f5r,f,f1,559991,518270,462,9.42,2.52,0.73,1.34,552.4,12.3,1782,6.3,1,2.45,7.85,0.92,1.08,-2.04,-0.55,10,-1.294,-1.085,0.204,-1.211,-3.014,0.5,0.2,0.353,-0.182,-1.509
f1m177r,f,f1,559837,518394,397,0,7.45,0.97,1.39,364.4,159,1647,6.2,0.3,3.74,5.69,0.66,1.1,-3.22,-0.57,10,0.576,0.511,0.421,0.771,-2.568,0.8,0.6,0.37,-0.044,-0.18
f1m17r,f,f1,559978,518310,465,0,3.09,0.73,1.38,525.3,27.6,1776,6.3,0.3,2.77,4.19,1,1.08,-1.96,-0.42,11,0.721,0.245,0.234,1.295,-2.927,0.82,0.55,0.969,2.199,-1.459
f1m562r,f,f1,559418,518326,280,89.32,14.74,1.26,1.33,59.6,73.8,1226,6.2,0,3.11,8.45,1.09,1.03,0.22,-0.54,17,0.094,-0.836,0.57,-1.194,-3.015,0.26,0.11,0.367,0.22,0.047
f1m56r,f,f1,559932,518302,452,0,4.55,0.73,1.38,485.9,39.3,1730,6.4,0.6,4.27,5.41,1.01,1.09,-2.63,-1.17,15,0.469,-0.174,0.283,-0.175,-2.88,0.67,0.33,-0.978,0.816,-0.923
lf100f177r,lf,lf100,576351,527575,395,0,0.61,0,1.78,3271,398.8,492,6.3,1.2,2.42,8.76,0.98,1.03,-0.62,0.15,17,1.354,1.163,0.55,0.924,-3.014,0.89,0.72,0.455,0.052,0
lf100f17r,lf,lf100,576272,527715,410,0,2.32,0,1.96,3321.9,240,557,6.2,0.2,2.35,7.11,1.06,1.04,-0.14,-0.09,16,0.226,0.045,0.283,0.444,-2.954,0.63,0.38,0.555,0.959,0.058
lf100f562r,lf,lf100,576521,527238,451,0,1.41,0,1.66,2282.3,347.9,457,5.8,1.2,1.89,5.57,0.9,1.03,-0.45,0.39,7,-0.346,0.298,0.232,0.073,-0.633,0.46,0.36,0.964,0.978,0
lf100f56r,lf,lf100,576318,527696,400,0,1.77,0,1.96,3332.1,284.3,509,6.4,1.5,2.34,6.83,1.08,1.04,-1.02,-0.04,13,-0.183,-0.38,0.37,-0.093,-2.584,0.54,0.46,-0.359,-0.512,-0.645
lf100f5r,lf,lf100,576303,527749,409,29.38,2.19,0,1.98,3349.6,233.8,524,5.7,0,2.54,6.32,1.01,1.03,0.68,-0.29,10,0.908,0.056,0.351,0.472,-2.963,0.4,0.2,0.17,0.122,0.838
lf100m177r,lf,lf100,576224,527917,437,0,2.48,0,1.98,3541.5,64.5,493,6.3,3.1,2.76,8.95,1.09,1.03,-0.77,-0.22,17,1.206,0.622,0.598,1.338,-3.015,0.88,0.47,0.033,-0.69,-0.184
lf100m17r,lf,lf100,576267,527755,407,29.2,2.48,0,2,3358.8,205.1,561,6,0,2.05,7.94,0.94,1.03,0.6,0.31,14,0.032,0.032,0.449,-0.205,-2.938,0.64,0.36,-0.744,-0.993,0.171
lf100m562r,lf,lf100,576036,528247,479,0,2.63,0,1.67,3920.2,313.6,457,6,0,2.46,5.77,0.98,1.03,0.19,0.1,15,0.252,-0.523,0.171,0.268,-3.008,0.73,0.33,-0.557,-0.542,-0.706
lf100m56r,lf,lf100,576254,527797,414,0,2.48,0,1.98,3410.3,166.4,577,6.2,2.2,1.98,9.78,0.93,1.03,-0.61,0.35,10,0.815,0.421,0.509,0.194,-2.748,0.46,0.36,0.407,0.284,0.87
lf10f177r,lf,lf10,575481,526660,385,0,5.43,0,2.29,2549.7,216.8,392,6.2,0.5,1.72,5.82,0.93,1.03,0.11,1.11,26,0.554,0.384,0.294,0.763,-2.958,0.64,0.46,-0.031,-0.656,0.313
lf10f56r,lf,lf10,575372,526632,439,0,7.07,0,2.27,2568.8,223.1,394,6.2,0.2,2.18,8.35,0.86,1.02,0.58,1.11,19,0.899,-0.04,0.447,0.546,-3.015,0.68,0.42,-0.533,0.622,0.466
lf10f5r,lf,lf10,575315,526630,430,25.13,7.65,0,2.12,2547.1,219.2,418,6.6,0.2,2.11,8.33,0.9,1.05,-0.92,0.55,13,0.02,0.074,0.347,0.468,-2.909,0.64,0.5,0.542,0.499,0.458
lf10m177r,lf,lf10,575126,526583,458,0,7.86,0,2.04,2634.8,239.1,507,6.6,2.1,2.2,12.39,1.22,1.02,0.39,0.18,22,1.18,-0.279,0.555,1.015,-3.014,0.82,0.59,0.98,0.756,-1.097
lf10m562r,lf,lf10,574776,526412,444,0,6.7,0,1.86,2560.9,60.7,721,6.6,0.8,2.42,5.57,0.89,1.05,-1.67,0.65,18,-0.008,-0.474,-0.115,-0.321,-3.015,0.65,0.4,-1.174,-0.297,-0.382
lf10m56r,lf,lf10,575284,526555,421,0,8.06,0,2.07,2538.8,199.3,373,6.8,0,2.55,6.3,0.98,1.03,-0.27,1,15,1.542,0.103,0.469,1.319,-3.015,0.73,0.33,-0.167,-0.18,0.525
lf10m5r,lf,lf10,575315,526593,422,0,7.94,0,2.12,2596,254.3,387,6,0.5,2.1,13.08,0.89,1.03,0.28,0.07,21,0.568,0.388,0.559,1.097,-2.912,0.68,0.5,0.784,0.234,1.493
lf1f17r,lf,lf1,575489,527909,475,0,7.98,0,1.92,3678,157.7,1358,6.6,0.4,3.4,5.12,0.93,1.04,-1.38,0.5,9,0.784,0.123,0.487,1.253,-2.998,0.89,0.67,-0.425,-0.846,0
lf1f56r,lf,lf1,575525,527917,483,0,7.61,0,1.92,3682.2,173.5,1323,6.8,0,2.71,6.89,0.99,1.04,-0.61,0.58,19,0.272,0.246,0.174,0.869,-3.005,0.68,0.53,0.387,-0.174,-0.756
lf1m177r,lf,lf1,575362,528062,493,0,23.07,0,1.74,3870.8,207.5,1402,6.2,2.6,3.07,4.52,0.91,1.04,-2.11,0.06,10,1.234,-0.037,0.64,1.068,-2.753,0.9,0.4,-0.737,-1.017,0
lf1m17r,lf,lf1,575481,527973,477,0,8.11,0,1.92,3764.1,221.8,1360,6.4,1,3.1,7.44,0.98,1.03,-0.99,0.01,17,1.292,0.997,0.672,1.272,-3.014,0.71,0.41,0.492,0.52,0.227
lf1m562r,lf,lf1,575018,528273,550,0,7.07,0,1.61,4227,164,1031,6.5,0.6,1.19,16.09,1.19,1.04,0.77,0.15,12,0.991,0.345,0.449,0.691,-3.009,0.92,0.75,-0.194,-0.511,na
lf1m56r,lf,lf1,575433,527982,490,0,9.08,0,1.75,3775,258.2,1417,6.4,0.4,3.34,4.5,1.02,1.04,-1.05,0.16,22,0.317,0.139,0.114,0.527,-3.011,0.73,0.55,0.705,0.361,-0.968
og100f177r,og,og100,497033,524744,283,0,0,0.39,0.14,537.1,1295.3,433,5.8,1.3,2.26,5.92,1.28,1.03,0.35,-0.78,12,0.675,0.208,0.496,0.795,-3.006,0.75,0.58,0.016,-0.163,-0.118
og100f562r,og,og100,496744,524498,276,0,0,0.39,0.12,403,1130,324,5.7,0,1.45,5.1,1.18,1.02,2.19,0.62,11,1.665,-0.507,0.394,1.09,-2.323,0.82,0.55,0.482,0.747,-1.341
og100f56r,og,og100,497116,524829,281,0,0,0.39,0.14,629.5,1353.2,541,6.1,0,1.58,6,1.31,1.02,2.43,0.69,12,1.27,0.724,0.346,1.449,-3.014,0.92,0.67,-0.368,-0.398,0
og100f5r,og,og100,497164,524849,285,0,0,0.39,0.14,657.5,1356.7,506,5.5,0.5,2.06,4.71,1.19,1.02,1.17,-0.27,15,2.076,1.23,0.676,1.89,-3.008,0.93,0.8,0.442,-0.403,na
og100m177r,og,og100,497290,524975,292,0,0,0.39,0.07,814.1,1452.6,589,5.6,0,3.31,7.06,1.21,1.04,0.73,-1.52,13,0.813,0.987,0.663,0.599,-3.014,0.93,0.5,0.389,1.015,na
og100m562r,og,og100,497565,525239,274,0,0,0.32,0.04,1166.7,1690.9,625,6.6,0,2.17,3,1.16,1.02,0.96,1.67,14,0.49,0.741,0.444,0.464,-3.015,0.71,0.5,0.099,-0.154,-0.36
og100m56r,og,og100,497193,524916,295,0,0,0.39,0.08,729.7,1415.4,477,6.4,0,2.24,4.01,1.33,1.02,1.38,0.59,15,1.007,0.362,0.383,0.437,-2.844,0.8,0.6,0.319,0.309,-1.521
og100m5r,og,og100,497142,524882,286,0,0,0.39,0.08,686.1,1396.5,485,5.6,0,2.16,4.03,1.07,1.03,1,0.08,10,1.811,0.896,0.392,1.675,-3.012,1,0.8,0.525,0.181,na
og10f177r,og,og10,495561,524670,337,0,0,0.05,0,1532.7,1937.6,299,6.5,0,0.88,4.2,1.1,1.01,2.58,3.05,6,1.472,0.243,0.069,1.38,-2.982,0.67,0.33,0.9,0.066,-0.091
og10f56r,og,og10,495451,524722,383,0,0,0.05,0,1654,2055.6,324,6,0,1.15,3.96,1.11,1.02,2.45,1.97,10,1.793,1.491,0.506,1.525,-0.839,0.9,0.8,1.037,0.843,0
og10m177r,og,og10,495252,524828,432,0,0,0,0,1876,2276.2,401,7,0,1.45,5.25,1.05,1.03,0.55,2.14,10,1.402,1.156,0.444,1.349,-3.011,1,0.7,0.839,0.761,na
og10m17r,og,og10,495428,524800,357,0,0,0.05,0,1683.6,2107.9,281,6,0,2.16,5.45,1.26,1.02,1.97,0.34,21,1.441,0.614,0.57,1.406,-3.015,0.82,0.5,-0.487,0.253,-0.294
og10m1r,og,og10,495407,524750,361,0,0,0.05,0,1700.9,2123.4,332,5.2,0,2.33,2.4,1.28,1.02,2.07,-0.18,15,0.328,0.245,0.399,0.384,-3.015,0.67,0.47,0.233,1.414,-0.442
og10m562r,og,og10,494957,525099,393,0,0,0,0,2249.2,2679.4,306,6,0,1.88,7.37,1.06,1.02,1.47,0.57,8,1.409,2.22,0.455,1.933,-0.451,0.88,0.63,3.886,5.758,0
og10m56r,og,og10,495412,524848,345,0,0,0.05,0,1733.6,2167.5,259,5.4,0,1.7,5.44,1.51,1.02,3.31,-0.62,6,1.562,1.638,0.396,1.269,-3.015,0.67,0.33,-0.119,0.218,na
og1f56r,og,og1,496386,525643,742,0,0,0.05,0,1570.6,2328.6,957,6.8,0,1.75,4.41,0.88,1.03,-0.19,2.06,6,0.347,0.511,0.528,0.402,-2.994,0.86,0.43,0.071,0.484,na
og1m177r,og,og1,496166,525719,727,0,0,0.05,0,1737.8,2470.4,820,7,0,1.82,5,0.81,1.03,-0.52,2.29,7,-0.409,1.234,0.348,-0.819,-2.988,0.63,0.25,0.162,-0.499,0
og1m1r,og,og1,496326,525649,746,0,0,0.05,0,1623.6,2371.6,901,6.8,0,2.06,2.75,0.67,1.03,-1.34,2.57,13,1.11,0.507,0.42,1.207,-2.955,1,0.62,0.138,1.537,na
og1m562r,og,og1,495793,525796,627,0,0,0,0,2009.4,2693.3,640,7,0,3,4.23,1.12,1.04,-0.72,0.8,10,1.33,0.068,0.609,0.755,-3.014,0.7,0.6,-0.891,-1.081,-0.034
og1m56r,og,og1,496278,525667,722,0,0,0.05,0,1639.3,2384.4,878,6.8,0,2.15,3.7,0.98,1.03,-0.11,1.78,14,1.988,1.159,0.632,1.509,-3.014,0.87,0.6,1.333,1.325,na
og1m5r,og,og1,496349,525684,749,0,0,0.05,0,1603.6,2353.4,908,6.8,0,1.93,2.46,0.85,1.03,-0.75,2.37,10,1.244,-0.383,0.672,1.421,-2.99,1,0.5,-1.751,-0.843,na
